,id,user,text,retweet_count,location,sentiments,latitude,longitude,country
0,1.06e+18,mar0_0kus,RT @auxesisgroup: Auxledger's Phase 1 accomplishments. @auxledger has on boarded over 53million participants.   #blockchain #bitcoin #ether‚Ä¶,0,None,0.0,38.82586149999999,-76.9195916, USA
1,1.06e+18,JosefJelacic,RT @digitaldonkey09: First taxi I see accepting #bitcoin #litecoin and #ether :) https://t.co/N8WtJO7y3W,0,"Prague, Bohemia",0.375,50.0755381,14.4378005, Czechia
2,1.06e+18,PriceMyCoin,Track your cryptocurrency portfolio @ https://t.co/K9qHWtI8qq and keep track of your coins/tokens #btc #ether #tokens #portofolio #tracker,0,WorldWide,0.0,36.249758,-95.266826, United States
3,1.06e+18,EthClassicMarkt,1 Ether Classic = 9.0214 USD. ETC has increased by 0.0565 USD in 30 mins. Live price: https://t.co/4keTXSSpgr #ether #etc #cryptocurrency,0,None,0.1515151515151515,38.82586149999999,-76.9195916, USA
4,1.06e+18,EthClassicMarkt,1 Ether Classic = 9.0244 USD. ETC has increased by 0.003 USD in 30 mins. Live price: https://t.co/4keTXSSpgr #ether #etc #cryptocurrency,0,None,0.1515151515151515,38.82586149999999,-76.9195916, USA
5,1.06e+18,EthClassicMarkt,1 Ether Classic = 9.0039 USD. ETC has changed by -0.0206 USD in 30 mins. Live price: https://t.co/4keTXSSpgr #ether #etc #cryptocurrency,0,None,0.1515151515151515,38.82586149999999,-76.9195916, USA
6,1.06e+18,EthClassicMarkt,1 Ether Classic = 8.999 USD. ETC has changed by -0.0048 USD in 30 mins. Live price: https://t.co/4keTXSSpgr #ether #etc #cryptocurrency,0,None,0.1515151515151515,38.82586149999999,-76.9195916, USA
7,1.06e+18,EthClassicMarkt,1 Ether Classic = 8.8528 USD. ETC has increased by 0.009 USD in 30 mins. Live price: https://t.co/4keTXSSpgr #ether #etc #cryptocurrency,0,None,0.1515151515151515,38.82586149999999,-76.9195916, USA
8,1.06e+18,chikucrypto,#ICODESICO #DESICO #DESI #Crypto #Blockchain #ether #ethereum #bitcoin #cryptocurrency #tokensale‚Ä¶ https://t.co/Px9JTbHeR6,0,India,0.0,20.593684,78.96288,India
9,1.06e+18,CryptoGemHunter,Big green candle across the #BTC charts. Is this a reversal or just a dead cat bounce?  #bitcoin #ethereum #ether‚Ä¶ https://t.co/NzsYKqj0tz,0,None,-0.13333333333333333,38.82586149999999,-76.9195916, USA
10,1.06e+18,EthClassicMarkt,1 Ether Classic = 8.9782 USD. ETC has increased by 0.1254 USD in 30 mins. Live price: https://t.co/4keTXSSpgr #ether #etc #cryptocurrency,0,None,0.1515151515151515,38.82586149999999,-76.9195916, USA
11,1.06e+18,Maheshk54993523,Great project #XBlock #Blockchain #Crypto #ether #ethereum #bitcoin #cryptocurrency #ICO #tokensale,0,None,0.8,38.82586149999999,-76.9195916, USA
12,1.06e+18,DamianKd1,ARAW Partners with CREDITS Blockchain future is here   #arawtoken #icosale #ecommerce #payment #ether,0,New Zealand,0.0,-40.900557,174.885971,New Zealand
13,1.06e+18,EthClassicMarkt,1 Ether Classic = 9.0237 USD. ETC has increased by 0.0071 USD in 30 mins. Live price: https://t.co/4keTXSSpgr #ether #etc #cryptocurrency,0,None,0.1515151515151515,38.82586149999999,-76.9195916, USA
14,1.06e+18,KOMANDORZ,RT @GymRewards: Earn ETH or BTC with GYM Rewards https://t.co/0Gc7ee1yjC  https://t.co/Z0exiiX2p0   #cryptocurrency #wallet #bitcoin #ether‚Ä¶,0,None,0.0,38.82586149999999,-76.9195916, USA
15,1.06e+18,sainiyksaini1,https://t.co/25QQL3OqcC #ICODESICO #DESICO #DESI #Crypto #Blockchain #ether #ethereum #bitcoin #cryptocurrency‚Ä¶ https://t.co/ngK94prbmI,0,None,0.0,38.82586149999999,-76.9195916, USA
16,1.06e+18,EthClassicMarkt,1 Ether Classic = 9.0175 USD. ETC has changed by -0.0062 USD in 30 mins. Live price: https://t.co/4keTXSSpgr #ether #etc #cryptocurrency,0,None,0.1515151515151515,38.82586149999999,-76.9195916, USA
17,1.06e+18,EthClassicMarkt,1 Ether Classic = 8.9825 USD. ETC has increased by 0.0037 USD in 30 mins. Live price: https://t.co/4keTXSSpgr #ether #etc #cryptocurrency,0,None,0.1515151515151515,38.82586149999999,-76.9195916, USA
18,1.06e+18,EthClassicMarkt,1 Ether Classic = 8.9727 USD. ETC has changed by -0.0099 USD in 30 mins. Live price: https://t.co/4keTXSSpgr #ether #etc #cryptocurrency,0,None,0.1515151515151515,38.82586149999999,-76.9195916, USA
19,1.06e+18,tgivensdotcom1,"RT @kyletorpey: Bart Chilton, a former commissioner of the Commodity Futures Trading Commission, says he owns #bitcoin and #ether. Adds tha‚Ä¶",0,"California, USA",0.0,36.778261,-119.4179324, USA
20,1.06e+18,EthClassicMarkt,1 Ether Classic = 8.964 USD. ETC has changed by -0.0086 USD in 30 mins. Live price: https://t.co/4keTXSSpgr #ether #etc #cryptocurrency,0,None,0.1515151515151515,38.82586149999999,-76.9195916, USA
21,1.06e+18,EthClassicMarkt,1 Ether Classic = 8.9578 USD. ETC has changed by -0.0063 USD in 30 mins. Live price: https://t.co/4keTXSSpgr #ether #etc #cryptocurrency,0,None,0.1515151515151515,38.82586149999999,-76.9195916, USA
22,1.06e+18,Sajith2018,#ICODESICO #DESICO #DESI #Crypto #Blockchain #ether #ethereum #bitcoin #cryptocurrency #tokensale Official telegram‚Ä¶ https://t.co/zwaDhfpP3K,0,None,0.0,38.82586149999999,-76.9195916, USA
23,1.06e+18,Sajith2018,#MEVU #MEvUBET #ether #tokensale #bitcoin I was very interested in this project. Everything is simple and clear on‚Ä¶ https://t.co/wHEnQGhsfr,0,None,0.1416666666666667,38.82586149999999,-76.9195916, USA
24,1.06e+18,EthClassicMarkt,1 Ether Classic = 9.021 USD. ETC has increased by 0.003 USD in 30 mins. Live price: https://t.co/4keTXSSpgr #ether #etc #cryptocurrency,0,None,0.1515151515151515,38.82586149999999,-76.9195916, USA
25,1.06e+18,dennisconsorte,"RT @CashTechNews: Ethereum 2.0 Launch ‚ÄòReally Not So Far Away,‚Äô Says Vitalik Buterin in Devcon4 Keynote #fraud #conference #sharding #ether‚Ä¶",0,"Queens, NY",-0.05,40.7282239,-73.7948516, USA
26,1.06e+18,EthClassicMarkt,1 Ether Classic = 8.995 USD. ETC has changed by -0.026 USD in 30 mins. Live price: https://t.co/4keTXSSpgr #ether #etc #cryptocurrency,0,None,0.1515151515151515,38.82586149999999,-76.9195916, USA
27,1.06e+18,dimagordon23,RT @GymRewards: Earn ETH or BTC with GYM Rewards https://t.co/0Gc7ee1yjC  https://t.co/Z0exiiX2p0   #cryptocurrency #wallet #bitcoin #ether‚Ä¶,0,Ukraine,0.0,48.379433,31.1655799,Ukraine
28,1.06e+18,EthClassicMarkt,1 Ether Classic = 9.0166 USD. ETC has increased by 0.0216 USD in 30 mins. Live price: https://t.co/4keTXSSpgr #ether #etc #cryptocurrency,0,None,0.1515151515151515,38.82586149999999,-76.9195916, USA
29,1.06e+18,EthClassicMarkt,1 Ether Classic = 8.9513 USD. ETC has changed by -0.0064 USD in 30 mins. Live price: https://t.co/4keTXSSpgr #ether #etc #cryptocurrency,0,None,0.1515151515151515,38.82586149999999,-76.9195916, USA
30,1.06e+18,IROEGBULAMP,#XBlock #Blockchain #Crypto #ether #ethereum #bitcoin #cryptocurrency #ICO #tokensale great,0,Abuja,0.8,9.0764785,7.398574, Nigeria
31,1.06e+18,IROEGBULAMP,This project continues to grow #XBlock #Blockchain #Crypto #ether #ethereum #bitcoin #cryptocurrency #ICO #tokensale,0,Abuja,0.0,9.0764785,7.398574, Nigeria
32,1.06e+18,EthClassicMarkt,1 Ether Classic = 8.9485 USD. ETC has changed by -0.0028 USD in 30 mins. Live price: https://t.co/4keTXSSpgr #ether #etc #cryptocurrency,0,None,0.1515151515151515,38.82586149999999,-76.9195916, USA
33,1.06e+18,EthClassicMarkt,1 Ether Classic = 8.9524 USD. ETC has increased by 0.0039 USD in 30 mins. Live price: https://t.co/4keTXSSpgr #ether #etc #cryptocurrency,0,None,0.1515151515151515,38.82586149999999,-76.9195916, USA
34,1.06e+18,EthClassicMarkt,1 Ether Classic = 8.9626 USD. ETC has increased by 0.0102 USD in 30 mins. Live price: https://t.co/4keTXSSpgr #ether #etc #cryptocurrency,0,None,0.1515151515151515,38.82586149999999,-76.9195916, USA
35,1.06e+18,VillamizarITPro,"This tweet, ""#Crypto #Blockchain #ARAW #arawtoken #icosale #ecommerce #payment #ether #ethereum #bitcoin‚Ä¶ https://t.co/c1noBdJGPJ",0,"Envigado, antioquia",0.0,6.169610899999999,-75.58736360000002, Colombia
36,1.06e+18,EthClassicMarkt,1 Ether Classic = 8.9593 USD. ETC has changed by -0.0033 USD in 30 mins. Live price: https://t.co/4keTXSSpgr #ether #etc #cryptocurrency,0,None,0.1515151515151515,38.82586149999999,-76.9195916, USA
37,1.06e+18,CryptoCurrent,"#Nasdaq and #Microsoft Working Tog#ether on #blockchain Delivery, Payment, and Settlements https://t.co/hLrRQjigSr",0,Ethiopia,0.0,9.145000000000001,40.489673,Ethiopia
38,1.06e+18,EthClassicMarkt,1 Ether Classic = 9.2211 USD. ETC has increased by 0.2618 USD in 30 mins. Live price: https://t.co/4keTXSSpgr #ether #etc #cryptocurrency,0,None,0.1515151515151515,38.82586149999999,-76.9195916, USA
39,1.06e+18,KitaevskiyT,1.03446E+18,0,11/1/2018 4:35,0.0,,,
40,1.06e+18,479khan,RT @DailyAirdrop_io: Bittrace Airdrop  80 BTRC $40 Doller Free  #airdrop #giveaway #cryptocurrency #crypto #bitcoin #ether  https://t.co/Lv‚Ä¶,0,gujranwala.pk,0.4,32.1876919,74.1944529, Pakistan
41,1.06e+18,TN_Tawach_VN,The cloud's tech is out of date! #XBlock #Blockchain #Crypto #ether #ethereum #bitcoin #cryptocurrency,0,HN VN,0.0,21.0107651,105.8489411, Vietnam
42,1.06e+18,TN_Tawach_VN,X-Blockchain introduction! #XBlock #Blockchain #Crypto #ether #ethereum #bitcoin #cryptocurrency,0,HN VN,0.0,21.0107651,105.8489411, Vietnam
43,1.06e+18,EthClassicMarkt,1 Ether Classic = 9.2196 USD. ETC has changed by -0.0015 USD in 30 mins. Live price: https://t.co/4keTXSSpgr #ether #etc #cryptocurrency,0,None,0.1515151515151515,38.82586149999999,-76.9195916, USA
44,1.06e+18,arnonbenshahar,RT @Crypto_Potato: Ethereum Price Analysis Oct.31: ETH Picks a Side? #ethereum $ETH #ether #crypto https://t.co/yqh673ANHX,0,None,0.0,38.82586149999999,-76.9195916, USA
45,1.06e+18,daniellongstan1,RT @auxesisgroup: Auxledger's Phase 1 accomplishments. @auxledger has on boarded over 53million participants.   #blockchain #bitcoin #ether‚Ä¶,0,None,0.0,38.82586149999999,-76.9195916, USA
46,1.06e+18,EthClassicMarkt,1 Ether Classic = 9.0247 USD. ETC has changed by -0.0056 USD in 30 mins. Live price: https://t.co/4keTXSSpgr #ether #etc #cryptocurrency,0,None,0.1515151515151515,38.82586149999999,-76.9195916, USA
47,1.06e+18,cryptohipo,RT @GymRewards: Earn ETH or BTC with GYM Rewards https://t.co/0Gc7ee1yjC  https://t.co/Z0exiiX2p0   #cryptocurrency #wallet #bitcoin #ether‚Ä¶,0,None,0.0,38.82586149999999,-76.9195916, USA
48,1.06e+18,ardctss,@XBlockOfficial Great project Xblock #Blockchain #Crypto #ether #ethereum #bitcoin #cryptocurrency #ICO #tokensale,0,"South Sulawesi, Indonesia",0.8,-3.6687994,119.9740534, Indonesia
49,1.06e+18,EthClassicMarkt,1 Ether Classic = 9.0447 USD. ETC has increased by 0.02 USD in 30 mins. Live price: https://t.co/4keTXSSpgr #ether #etc #cryptocurrency,0,None,0.1515151515151515,38.82586149999999,-76.9195916, USA
50,1.06e+18,FastCryptoNews,RT @GymRewards: Earn ETH or BTC with GYM Rewards https://t.co/0Gc7ee1yjC  https://t.co/Z0exiiX2p0   #cryptocurrency #wallet #bitcoin #ether‚Ä¶,0,None,0.0,38.82586149999999,-76.9195916, USA
51,1.06e+18,EthClassicMarkt,1 Ether Classic = 9.0239 USD. ETC has increased by 0.0213 USD in 30 mins. Live price: https://t.co/4keTXSSpgr #ether #etc #cryptocurrency,0,None,0.1515151515151515,38.82586149999999,-76.9195916, USA
52,1.06e+18,CryptoCurrent,"T##ether Produces Letter Vouching for Dollar Deposits, But Bank Hedges https://t.co/kqU1QwkMOf via @CoinDesk",0,Ethiopia,0.0,9.145000000000001,40.489673,Ethiopia
53,1.06e+18,CryptoCurrent,T#ether announce banking relationship and 1.8 billion USD in account https://t.co/e0skKzBoow via r/cryptocurrency,0,Ethiopia,0.0,9.145000000000001,40.489673,Ethiopia
54,1.06e+18,EthClassicMarkt,1 Ether Classic = 9.0269 USD. ETC has increased by 0.003 USD in 30 mins. Live price: https://t.co/4keTXSSpgr #ether #etc #cryptocurrency,0,None,0.1515151515151515,38.82586149999999,-76.9195916, USA
55,1.06e+18,SkyWipero,Quadrant will ask that all information is openly stamped so that its source will always be found https://t.co/HHDpUYOLI0 #Blockchain  #ether,0,"Helsinki, Finland",0.0,60.16985569999999,24.9383791, Finland
56,1.06e+18,EthClassicMarkt,1 Ether Classic = 9.0864 USD. ETC has changed by -0.1332 USD in 30 mins. Live price: https://t.co/4keTXSSpgr #ether #etc #cryptocurrency,0,None,0.1515151515151515,38.82586149999999,-76.9195916, USA
57,1.06e+18,EthClassicMarkt,1 Ether Classic = 9.0453 USD. ETC has changed by -0.041 USD in 30 mins. Live price: https://t.co/4keTXSSpgr #ether #etc #cryptocurrency,0,None,0.1515151515151515,38.82586149999999,-76.9195916, USA
58,1.06e+18,Putnik_Vremeni,109183976,0,11/1/2018 6:07,0.0,,,
59,1.06e+18,thanhngan85,#XBlock #Blockchain #Crypto #ether #ethereum #bitcoin That's a great combination!,0,None,1.0,38.82586149999999,-76.9195916, USA
60,1.06e+18,EthClassicMarkt,1 Ether Classic = 9.0302 USD. ETC has changed by -0.0151 USD in 30 mins. Live price: https://t.co/4keTXSSpgr #ether #etc #cryptocurrency,0,None,0.1515151515151515,38.82586149999999,-76.9195916, USA
61,1.06e+18,jalalah39660255,RT @DailyAirdrop_io: (ValueBit trading platform) Airdrop   500 VALUEBIT COIN  #bitcoin #ether #airdrop #giveaway #cryptocurrency #crypto #b‚Ä¶,0,None,-0.75,38.82586149999999,-76.9195916, USA
62,1.06e+18,jalalah39660255,RT @DailyAirdrop_io: Bittrace Airdrop  80 BTRC $40 Doller Free  #airdrop #giveaway #cryptocurrency #crypto #bitcoin #ether  https://t.co/Lv‚Ä¶,0,None,0.4,38.82586149999999,-76.9195916, USA
63,1.06e+18,EthClassicMarkt,1 Ether Classic = 9.04 USD. ETC has increased by 0.0131 USD in 30 mins. Live price: https://t.co/4keTXSSpgr #ether #etc #cryptocurrency,0,None,0.1515151515151515,38.82586149999999,-76.9195916, USA
64,1.06e+18,nainteres,Yamzu ends its first operational year with revenue higher than 800k SEK.#ether #Yamzu #smartcontract https://t.co/04BjdMg7He,0,None,0.25,38.82586149999999,-76.9195916, USA
65,1.06e+18,Marina_Mir_love,RT @quantocoin: üî•BITEXPERT - new rating 9‚É£ https://t.co/ZwgtttCiUV  @quantocoin @pablovdana @PatrickKluivert @LuchoGarcia14 #forbes  #ether‚Ä¶,0,None,0.13636363636363635,38.82586149999999,-76.9195916, USA
66,1.06e+18,EthClassicMarkt,1 Ether Classic = 8.962 USD. ETC has changed by -0.0066 USD in 30 mins. Live price: https://t.co/4keTXSSpgr #ether #etc #cryptocurrency,0,None,0.1515151515151515,38.82586149999999,-76.9195916, USA
67,1.06e+18,EthClassicMarkt,1 Ether Classic = 8.9638 USD. ETC has increased by 0.0018 USD in 30 mins. Live price: https://t.co/4keTXSSpgr #ether #etc #cryptocurrency,0,None,0.1515151515151515,38.82586149999999,-76.9195916, USA
68,1.06e+18,trump_xi,for all my trust  #XBlock #Blockchain #Crypto #ether #ethereum #bitcoin #cryptocurrency #ICO #tokensale,0,None,0.0,38.82586149999999,-76.9195916, USA
69,1.06e+18,trump_xi,waiting for new update #XBlock #Blockchain #Crypto #ether #ethereum #bitcoin #cryptocurrency #ICO #tokensale,0,None,0.13636363636363635,38.82586149999999,-76.9195916, USA
70,1.06e+18,DamianKd1,Fund Raising Goals of araw Token. Join with araw ICO @  https://t.co/a1PXtqJCzy  #icosale #ecommerce #payment #ether,0,New Zealand,0.0,-40.900557,174.885971,New Zealand
71,1.06e+18,naixdis,Testnet is live guys! #XBlock #Blockchain #Crypto #ether #ethereum #bitcoin #cryptocurrency #ICO #tokensale,0,Ukraine,0.17045454545454544,48.379433,31.1655799,Ukraine
72,1.06e+18,Laice1,#Crypto #Blockchain #BTC  #arawtoken #ETH #ecommerce #payment #ether #ethereum #bitcoin #cryptocurrency‚Ä¶ https://t.co/yjdkHwRXdv,0,London,0.0,51.5073509,-0.1277583, UK
73,1.06e+18,Coin_wrath,Nasdaq and Microsoft Join Forces to Deliver Blockchain Services https://t.co/PjaX9C7BC6 #bitcoin #ether #btc‚Ä¶ https://t.co/V3Tcuhgcbe,0,None,0.0,38.82586149999999,-76.9195916, USA
74,1.06e+18,EthClassicMarkt,1 Ether Classic = 8.9637 USD. ETC has changed by -0.0001 USD in 30 mins. Live price: https://t.co/4keTXSSpgr #ether #etc #cryptocurrency,0,None,0.1515151515151515,38.82586149999999,-76.9195916, USA
75,1.06e+18,EthClassicMarkt,1 Ether Classic = 8.9688 USD. ETC has increased by 0.0012 USD in 30 mins. Live price: https://t.co/4keTXSSpgr #ether #etc #cryptocurrency,0,None,0.1515151515151515,38.82586149999999,-76.9195916, USA
76,1.06e+18,okocha_chika,RT @GymRewards: Earn ETH or BTC with GYM Rewards https://t.co/0Gc7ee1yjC  https://t.co/Z0exiiX2p0   #cryptocurrency #wallet #bitcoin #ether‚Ä¶,0,"Lagos, Nigeria",0.0,6.5243793,3.3792057, Nigeria
77,1.06e+18,EthClassicMarkt,1 Ether Classic = 8.9647 USD. ETC has changed by -0.0041 USD in 30 mins. Live price: https://t.co/4keTXSSpgr #ether #etc #cryptocurrency,0,None,0.1515151515151515,38.82586149999999,-76.9195916, USA
78,1.06e+18,theCLRTYproject,Why should you release some of your undervalued #ether in our upcoming #ICO #TokenSale‚ùì  üîπBig #Bonusesüîπ#Referral‚Ä¶ https://t.co/ChkCAqNh9v,0,Bailiwick of Jersey,0.0,49.214439,-2.13125,Jersey
79,1.06e+18,aynsleydamery,RT @theCLRTYproject: Why should you release some of your undervalued #ether in our upcoming #ICO #TokenSale‚ùì  üîπBig #Bonusesüîπ#Referral #Rewa‚Ä¶,0,"Cheltenham, London & Jersey",0.0,51.8993855,-2.0782533, UK
80,1.06e+18,EthClassicMarkt,1 Ether Classic = 8.9657 USD. ETC has increased by 0.001 USD in 30 mins. Live price: https://t.co/4keTXSSpgr #ether #etc #cryptocurrency,0,None,0.1515151515151515,38.82586149999999,-76.9195916, USA
81,1.06e+18,EthClassicMarkt,1 Ether Classic = 8.9614 USD. ETC has changed by -0.0043 USD in 30 mins. Live price: https://t.co/4keTXSSpgr #ether #etc #cryptocurrency,0,None,0.1515151515151515,38.82586149999999,-76.9195916, USA
82,1.06e+18,kapilpoojari,"The largest #bitcoin &amp; #ether transaction in September 2018. üëá  Follow @AMLT_Token to see more stats, exclusive ins‚Ä¶ https://t.co/Fw9tOdRShN",0,Warsaw,0.5,52.2296756,21.0122287, Poland
83,1.06e+18,AltcoinJunky,"RT @altcoinalerts: comment here ,,, whats on your mind #cryptomemes #altcoinalerts #cryptomeme #ICO #BTC #ETH #meme #crypto #bitcoin #ether‚Ä¶",0,"Canary Islands, Spain",0.0,28.2915637,-16.6291304, Spain
84,1.06e+18,EthClassicMarkt,1 Ether Classic = 8.9531 USD. ETC has changed by -0.0083 USD in 30 mins. Live price: https://t.co/4keTXSSpgr #ether #etc #cryptocurrency,0,None,0.1515151515151515,38.82586149999999,-76.9195916, USA
85,1.06e+18,EthClassicMarkt,1 Ether Classic = 8.9976 USD. ETC has increased by 0.0058 USD in 30 mins. Live price: https://t.co/4keTXSSpgr #ether #etc #cryptocurrency,0,None,0.1515151515151515,38.82586149999999,-76.9195916, USA
86,1.06e+18,EthClassicMarkt,1 Ether Classic = 8.9896 USD. ETC has changed by -0.008 USD in 30 mins. Live price: https://t.co/4keTXSSpgr #ether #etc #cryptocurrency,0,None,0.1515151515151515,38.82586149999999,-76.9195916, USA
87,1.06e+18,EthClassicMarkt,1 Ether Classic = 8.9836 USD. ETC has changed by -0.006 USD in 30 mins. Live price: https://t.co/4keTXSSpgr #ether #etc #cryptocurrency,0,None,0.1515151515151515,38.82586149999999,-76.9195916, USA
88,1.06e+18,Tony00032576,‚Ä¢ https://t.co/nr33r0yqZi  ‚Ä¢ #ICODESICO #DESICO #DESI #Crypto #Blockchain #ether #ethereum #bitcoin #cryptocurrency‚Ä¶ https://t.co/bMYCnvTBlL,0,None,0.0,38.82586149999999,-76.9195916, USA
89,1.06e+18,EthClassicMarkt,1 Ether Classic = 9.0248 USD. ETC has increased by 0.0039 USD in 30 mins. Live price: https://t.co/4keTXSSpgr #ether #etc #cryptocurrency,0,None,0.1515151515151515,38.82586149999999,-76.9195916, USA
90,1.06e+18,betimsancar1,It looks a special project with a really promising potential. #ICODESICO #DESICO #DESI #Crypto #Blockchain #ether‚Ä¶ https://t.co/JvkCYm9eMF,0,None,0.18571428571428572,38.82586149999999,-76.9195916, USA
91,1.06e+18,au_ktempleton,RT @betimsancar1: It looks a special project with a really promising potential. #ICODESICO #DESICO #DESI #Crypto #Blockchain #ether #ethere‚Ä¶,0,Australia,0.18571428571428572,-25.274398,133.775136,Australia
92,1.06e+18,juliansiera23,RT @quantocoin: üî•BITEXPERT - new rating 9‚É£ https://t.co/ZwgtttCiUV  @quantocoin @pablovdana @PatrickKluivert @LuchoGarcia14 #forbes  #ether‚Ä¶,0,"Ponorogo, Indonesia",0.13636363636363635,-7.8650759,111.4696322, Indonesia
93,1.06e+18,azsepo,9.97894E+17,0,11/1/2018 11:28,0.0,,,
94,1.06e+18,EthClassicMarkt,1 Ether Classic = 9.0177 USD. ETC has changed by -0.0072 USD in 30 mins. Live price: https://t.co/4keTXSSpgr #ether #etc #cryptocurrency,0,None,0.1515151515151515,38.82586149999999,-76.9195916, USA
95,1.06e+18,_ceylanM,RT @katla_co: Would you like to double your money? Join Us!  https://t.co/2B7fI66YjN   #bitcoin #ethereum #eth #ether #cryptocurrency #cryp‚Ä¶,0,None,0.0,38.82586149999999,-76.9195916, USA
96,1.06e+18,WhoFeedsYou,RT @Cathy_ether: Ether is here for you Booth 11019 AAPEX #aapex #etherculture #ether #autoled #leddrivinglight https://t.co/eXEG3yxcbn,0,"Las Vegas, NV",0.0,36.1699412,-115.1398296, USA
97,1.06e+18,WhoFeedsYou,RT @Cathy_ether: AAPEX Ether is here for you. #aapex #ledautomotivo #etherculture #ether #11019 https://t.co/8sdmruoKRL,0,"Las Vegas, NV",0.0,36.1699412,-115.1398296, USA
98,1.06e+18,CoinCapsAi,"#goldman #sachs is now #offering #bitcoin #(btc) #derivatives #products, no #ether #(eth) #contracts for now‚Ä¶ https://t.co/XchppxA3yC",0,The World,0.0,37.09024,-95.712891, USA
99,1.06e+18,EthClassicMarkt,1 Ether Classic = 8.9639 USD. ETC has increased by 0.0032 USD in 30 mins. Live price: https://t.co/4keTXSSpgr #ether #etc #cryptocurrency,0,None,0.1515151515151515,38.82586149999999,-76.9195916, USA
100,1.06e+18,stakingpools,RT @bitallcoins: Goldman Sachs Starts Accepting Sign Ups For Its Bitcoin Trading Product¬† https://t.co/iOHChrcFng #cryptocurrenynews #ether‚Ä¶,0,Vereinigte Staaten,0.0,37.09024,-95.712891,United States
101,1.06e+18,SpecSasha,Very cool project I recommend to everyone #Crypto #Blockchain #ARAW #arawtoken #icosale #ecommerce #payment #ether‚Ä¶ https://t.co/4lk2kVhWrB,0,None,0.45499999999999996,38.82586149999999,-76.9195916, USA
102,1.06e+18,EthClassicMarkt,1 Ether Classic = 8.9625 USD. ETC has changed by -0.0014 USD in 30 mins. Live price: https://t.co/4keTXSSpgr #ether #etc #cryptocurrency,0,None,0.1515151515151515,38.82586149999999,-76.9195916, USA
103,1.06e+18,EthClassicMarkt,1 Ether Classic = 8.9664 USD. ETC has increased by 0.0039 USD in 30 mins. Live price: https://t.co/4keTXSSpgr #ether #etc #cryptocurrency,0,None,0.1515151515151515,38.82586149999999,-76.9195916, USA
104,1.06e+18,vi_kov,#ICODESICO #DESICO #DESI #Crypto #Blockchain #ether #ethereum #bitcoin #cryptocurrency #tokensale‚Ä¶ https://t.co/eV1weG4tBw,0,0x5F876B11BDF1407d7e093fb1C78acf9961B634f2,0.0,,,
105,1.06e+18,wahyu9116463466,RT @GymRewards: Earn ETH or BTC with GYM Rewards https://t.co/0Gc7ee1yjC  https://t.co/Z0exiiX2p0   #cryptocurrency #wallet #bitcoin #ether‚Ä¶,0,"Banyumas, Indonesia",0.0,-7.4832133,109.140438, Indonesia
106,1.06e+18,EthClassicMarkt,1 Ether Classic = 8.9707 USD. ETC has increased by 0.0043 USD in 30 mins. Live price: https://t.co/4keTXSSpgr #ether #etc #cryptocurrency,0,None,0.1515151515151515,38.82586149999999,-76.9195916, USA
107,1.06e+18,CarrierThibault,8.50764E+17,0,10/31/2018 17:35,0.0,,,
108,1.06e+18,sashapan123,managed platform is cool #Orichalcos @Orichalcos  #Crypto #Blockchain #Crowdfunding #ether #cryptocurrency #ICO‚Ä¶ https://t.co/9buzbK1L9z,0,planet Earth,0.35,33.7302464,-117.8427306, USA
109,1.06e+18,sashapan123,managed platform is cool @OrichalcosOrg #Orichalcos  #Crypto #Blockchain #Crowdfunding #ether #cryptocurrency #ICO‚Ä¶ https://t.co/wCqkwNsIzY,0,planet Earth,0.35,33.7302464,-117.8427306, USA
110,1.06e+18,EthClassicMarkt,1 Ether Classic = 8.9918 USD. ETC has increased by 0.0035 USD in 30 mins. Live price: https://t.co/4keTXSSpgr #ether #etc #cryptocurrency,0,None,0.1515151515151515,38.82586149999999,-76.9195916, USA
111,1.06e+18,309ssi,RT @OmniBazaar: #OmniCoin network can transact thousands of transactions every second. Much faster than #bitcoin or #ether. https://t.co/Ah‚Ä¶,0,None,0.1,38.82586149999999,-76.9195916, USA
112,1.06e+18,au_ktempleton,RT @XpGypG1twijnY9e: #Crypto #Blockchain #SaaS #loyaltypoints #marketing #ether #ethereum #bitcoin #cryptocurrency #ICO #tokensale . Mobile‚Ä¶,0,Australia,0.0,-25.274398,133.775136,Australia
113,1.06e+18,AppieCrypto,RT @Laice1: #Crypto #Blockchain #BTC  #arawtoken #ETH #ecommerce #payment #ether #ethereum #bitcoin #cryptocurrency #arbitraging Markets go‚Ä¶,0,None,0.0,38.82586149999999,-76.9195916, USA
114,1.06e+18,Kilamsijan,RT @auxesisgroup: Auxledger's Phase 1 accomplishments. @auxledger has on boarded over 53million participants.   #blockchain #bitcoin #ether‚Ä¶,0,world wide,0.0,36.249758,-95.266826, United States
115,1.06e+18,EthClassicMarkt,1 Ether Classic = 8.8437 USD. ETC has changed by -0.0861 USD in 30 mins. Live price: https://t.co/4keTXSSpgr #ether #etc #cryptocurrency,0,None,0.1515151515151515,38.82586149999999,-76.9195916, USA
116,1.06e+18,cucakih,RT @GymRewards: Earn ETH or BTC with GYM Rewards https://t.co/0Gc7ee1yjC  https://t.co/Z0exiiX2p0   #cryptocurrency #wallet #bitcoin #ether‚Ä¶,0,None,0.0,38.82586149999999,-76.9195916, USA
117,1.06e+18,clarity_hq,RT @theCLRTYproject: Why should you release some of your undervalued #ether in our upcoming #ICO #TokenSale‚ùì  üîπBig #Bonusesüîπ#Referral #Rewa‚Ä¶,0,Jersey,0.0,49.214439,-2.13125,Jersey
118,1.06e+18,stevebartontt,RT @theCLRTYproject: Why should you release some of your undervalued #ether in our upcoming #ICO #TokenSale‚ùì  üîπBig #Bonusesüîπ#Referral #Rewa‚Ä¶,0,None,0.0,38.82586149999999,-76.9195916, USA
119,1.06e+18,VillamizarITPro,"This tweet, ""#XBlock #Blockchain #Crypto #ether #ethereum #bitcoin #cryptocurrency #ICO #tokensale‚Ä¶ https://t.co/A1hFzBulbP",0,"Envigado, antioquia",0.0,6.169610899999999,-75.58736360000002, Colombia
120,1.06e+18,EthClassicMarkt,1 Ether Classic = 8.9335 USD. ETC has changed by -0.0372 USD in 30 mins. Live price: https://t.co/4keTXTa07Z #ether #etc #cryptocurrency,0,None,0.1515151515151515,38.82586149999999,-76.9195916, USA
121,1.06e+18,sainiyksaini1,https://t.co/25QQL3OqcC #ICODESICO #DESICO #DESI #Crypto #Blockchain #ether #ethereum #bitcoin #cryptocurrency‚Ä¶ https://t.co/fseKh4nkSA,0,None,0.0,38.82586149999999,-76.9195916, USA
122,1.06e+18,EshanulL,RT @OmniBazaar: #OmniCoin network can transact thousands of transactions every second. Much faster than #bitcoin or #ether. https://t.co/Ah‚Ä¶,0,"Dhaka, Bangladesh",0.1,23.810332,90.4125181, Bangladesh
123,1.06e+18,EthClassicMarkt,1 Ether Classic = 8.9298 USD. ETC has changed by -0.0036 USD in 30 mins. Live price: https://t.co/4keTXSSpgr #ether #etc #cryptocurrency,0,None,0.1515151515151515,38.82586149999999,-76.9195916, USA
124,1.06e+18,Cantika61784504,RT @GymRewards: Earn ETH or BTC with GYM Rewards https://t.co/0Gc7ee1yjC  https://t.co/Z0exiiX2p0   #cryptocurrency #wallet #bitcoin #ether‚Ä¶,0,Indonesia,0.0,-0.789275,113.921327,Indonesia
125,1.06e+18,EthClassicMarkt,1 Ether Classic = 8.9948 USD. ETC has increased by 0.0166 USD in 30 mins. Live price: https://t.co/4keTXSSpgr #ether #etc #cryptocurrency,0,None,0.1515151515151515,38.82586149999999,-76.9195916, USA
126,1.06e+18,Crypto_Potato,Ethereum Price Analysis Oct.31: ETH Picks a Side? #ethereum $ETH #ether #crypto https://t.co/yqh673ANHX,0,None,0.0,38.82586149999999,-76.9195916, USA
127,1.06e+18,LeonardReview,#XBlock #Blockchain #Crypto #ether #ethereum #bitcoin #cryptocurrency #ICO #tokensale More info:‚Ä¶ https://t.co/OHNphLU9yq,0,Singapore,0.5,1.352083,103.819836,Singapore
128,1.06e+18,nainteres,Yamzu licenses its engine to companies wishing to hold events.#ether #Yamzu #smartcontract https://t.co/04BjdMg7He,0,None,0.0,38.82586149999999,-76.9195916, USA
129,1.06e+18,vladosvikos,#ORV #Orvium #Crypto #Blockchain  #ether #bitcoin #ICO  #tokensale https://t.co/zBc0ed4hBx https://t.co/8YOhwoBalX‚Ä¶ https://t.co/nNDEEV5mcU,0,None,0.0,38.82586149999999,-76.9195916, USA
130,1.06e+18,EthClassicMarkt,1 Ether Classic = 8.992 USD. ETC has changed by -0.0029 USD in 30 mins. Live price: https://t.co/4keTXSSpgr #ether #etc #cryptocurrency,0,None,0.1515151515151515,38.82586149999999,-76.9195916, USA
131,1.06e+18,Edifierr3,#ORV #Orvium #Crypto #Blockchain  #ether #bitcoin #ICO  #tokensale https://t.co/M9du8b2vli https://t.co/F6559YEHZk‚Ä¶ https://t.co/2LsXDKxlKq,0,None,0.0,38.82586149999999,-76.9195916, USA
132,1.06e+18,Clarity_28,RT @GymRewards: Earn ETH or BTC with GYM Rewards https://t.co/0Gc7ee1yjC  https://t.co/Z0exiiX2p0   #cryptocurrency #wallet #bitcoin #ether‚Ä¶,0,None,0.0,38.82586149999999,-76.9195916, USA
133,1.06e+18,denny_byou,great and amazing project #Crypto #Blockchain #ARAW #arawtoken #icosale #ecommerce #payment #ether #ethereum‚Ä¶ https://t.co/jlsjaJI11u,0,Bali,0.7000000000000001,-8.3405389,115.0919509, Indonesia
134,1.06e+18,EthClassicMarkt,1 Ether Classic = 9.0599 USD. ETC has increased by 0.0297 USD in 30 mins. Live price: https://t.co/4keTXSSpgr #ether #etc #cryptocurrency,0,None,0.1515151515151515,38.82586149999999,-76.9195916, USA
135,1.06e+18,findingreview,RT @OmniBazaar: #OmniCoin network can transact thousands of transactions every second. Much faster than #bitcoin or #ether. https://t.co/Ah‚Ä¶,0,None,0.1,38.82586149999999,-76.9195916, USA
136,1.06e+18,EthClassicMarkt,1 Ether Classic = 9.0073 USD. ETC has changed by -0.0527 USD in 30 mins. Live price: https://t.co/4keTXSSpgr #ether #etc #cryptocurrency,0,None,0.1515151515151515,38.82586149999999,-76.9195916, USA
137,1.06e+18,EthClassicMarkt,1 Ether Classic = 9.0303 USD. ETC has increased by 0.023 USD in 30 mins. Live price: https://t.co/4keTXSSpgr #ether #etc #cryptocurrency,0,None,0.1515151515151515,38.82586149999999,-76.9195916, USA
138,1.06e+18,EthClassicMarkt,1 Ether Classic = 9.0108 USD. ETC has increased by 0.0118 USD in 30 mins. Live price: https://t.co/4keTXSSpgr #ether #etc #cryptocurrency,0,None,0.1515151515151515,38.82586149999999,-76.9195916, USA
139,1.06e+18,CryptoCurrent,"Crypto Wallet Maker #Ledger to Expand Support for Stablecoins, Including T##ether https://t.co/s7gy0lMetB via @CoinDesk",0,Ethiopia,0.0,9.145000000000001,40.489673,Ethiopia
140,1.06e+18,EthClassicMarkt,1 Ether Classic = 8.9921 USD. ETC has changed by -0.0187 USD in 30 mins. Live price: https://t.co/4keTXSSpgr #ether #etc #cryptocurrency,0,None,0.1515151515151515,38.82586149999999,-76.9195916, USA
141,1.06e+18,piper_crypto,"$ETH #ethereum price January 1st, 2020: ü§î  $crypto #ether $BTC #bitcoin",0,"Palo Alto, CA",0.0,37.4418834,-122.1430195, USA
142,1.06e+18,EthClassicMarkt,1 Ether Classic = 9.0019 USD. ETC has increased by 0.0098 USD in 30 mins. Live price: https://t.co/4keTXSSpgr #ether #etc #cryptocurrency,0,None,0.1515151515151515,38.82586149999999,-76.9195916, USA
143,1.06e+18,EthClassicMarkt,1 Ether Classic = 8.9747 USD. ETC has changed by -0.0272 USD in 30 mins. Live price: https://t.co/4keTXSSpgr #ether #etc #cryptocurrency,0,None,0.1515151515151515,38.82586149999999,-76.9195916, USA
144,1.06e+18,EthClassicMarkt,1 Ether Classic = 9.0207 USD. ETC has increased by 0.0032 USD in 30 mins. Live price: https://t.co/4keTXSSpgr #ether #etc #cryptocurrency,0,None,0.1515151515151515,38.82586149999999,-76.9195916, USA
145,1.06e+18,LanThngchui,Crypto #Blockchain #ARAW #arawtoken #icosale #ecommerce #payment #ether #ethereum #bitcoin #cryptocurrency #ICO‚Ä¶ https://t.co/mkHDRz0BN7,0,None,0.0,38.82586149999999,-76.9195916, USA
146,1.06e+18,Coin_wrath,"Jamie Dimon Comments on Bitcoin Again, Should we Expect Another Dip? https://t.co/aPGm8S5Eof via #bitcoin #ether‚Ä¶ https://t.co/eYTzP1r2dh",0,None,0.0,38.82586149999999,-76.9195916, USA
147,1.06e+18,au_ktempleton,RT @LanThngchui: Crypto #Blockchain #ARAW #arawtoken #icosale #ecommerce #payment #ether #ethereum #bitcoin #cryptocurrency #ICO #tokensale‚Ä¶,0,Australia,0.0,-25.274398,133.775136,Australia
148,1.06e+18,antiprosynth,"RT @BobSummerwill: EVM Panel with @greg_colvin, @alexberegszaszi, @chfast, @cdetrio, @lrettig and Everett Hildenbrandt at #devcon4.  #ether‚Ä¶",0,None,0.0,38.82586149999999,-76.9195916, USA
149,1.06e+18,EthClassicMarkt,1 Ether Classic = 9.0038 USD. ETC has changed by -0.0169 USD in 30 mins. Live price: https://t.co/4keTXSSpgr #ether #etc #cryptocurrency,0,None,0.1515151515151515,38.82586149999999,-76.9195916, USA
150,1.06e+18,UrePpzzatUqw1sp,1.05321E+18,0,11/1/2018 16:23,0.0,,,
151,1.06e+18,CryptoCurrent,Controversial #Stablecoin T#ether Confirms New Banking Partner Deltec After Weeks of Rumors https://t.co/SsXXyANxCX via @CoinTelegraph,0,Ethiopia,0.3431818181818182,9.145000000000001,40.489673,Ethiopia
152,1.06e+18,EthClassicMarkt,1 Ether Classic = 9.0026 USD. ETC has changed by -0.0012 USD in 30 mins. Live price: https://t.co/4keTXSSpgr #ether #etc #cryptocurrency,0,None,0.1515151515151515,38.82586149999999,-76.9195916, USA
153,1.06e+18,EthClassicMarkt,1 Ether Classic = 8.9841 USD. ETC has changed by -0.0052 USD in 30 mins. Live price: https://t.co/4keTXSSpgr #ether #etc #cryptocurrency,0,None,0.1515151515151515,38.82586149999999,-76.9195916, USA
154,1.06e+18,ilcreations,Super cool! @ethereumJoseph #eth #ethereum #ether @PlanetaryRsrcs #space #crypto #cryptolife,0,"Prague, Czech Republic, Czech Republic",0.38541666666666663,50.0755381,14.4378005, Czechia
155,1.06e+18,EthClassicMarkt,1 Ether Classic = 8.9891 USD. ETC has increased by 0.0049 USD in 30 mins. Live price: https://t.co/4keTXSSpgr #ether #etc #cryptocurrency,0,None,0.1515151515151515,38.82586149999999,-76.9195916, USA
156,1.06e+18,EthClassicMarkt,1 Ether Classic = 8.9788 USD. ETC has changed by -0.0103 USD in 30 mins. Live price: https://t.co/4keTXSSpgr #ether #etc #cryptocurrency,0,None,0.1515151515151515,38.82586149999999,-76.9195916, USA
157,1.06e+18,DanilGeras,Time to join. It is worth to look at it.  #BitClassic #Crypto  #ether  #cryptocurrency # B2C,0,None,0.3,38.82586149999999,-76.9195916, USA
158,1.06e+18,thanhngan85,Efficiency and Speed - 2 important points! #XBlock #Blockchain #Crypto #ether #ethereum #bitcoin,0,None,0.5,38.82586149999999,-76.9195916, USA
159,1.06e+18,thanhngan85,#XBlock #Blockchain #Crypto #ether #ethereum #bitcoin The bandwidth can be increased if we can use idle satellites‚Ä¶ https://t.co/eAL14eaNNa,0,None,0.0,38.82586149999999,-76.9195916, USA
160,1.06e+18,EthClassicMarkt,1 Ether Classic = 8.9757 USD. ETC has increased by 0.012 USD in 30 mins. Live price: https://t.co/4keTXSSpgr #ether #etc #cryptocurrency,0,None,0.1515151515151515,38.82586149999999,-76.9195916, USA
161,1.06e+18,EthClassicMarkt,1 Ether Classic = 8.9677 USD. ETC has changed by -0.008 USD in 30 mins. Live price: https://t.co/4keTXSSpgr #ether #etc #cryptocurrency,0,None,0.1515151515151515,38.82586149999999,-76.9195916, USA
162,1.06e+18,Jain8644,RT @OmniBazaar: #OmniCoin network can transact thousands of transactions every second. Much faster than #bitcoin or #ether. https://t.co/Ah‚Ä¶,0,Bangladesh,0.1,23.684994,90.356331,Bangladesh
163,1.06e+18,EthClassicMarkt,1 Ether Classic = 8.991 USD. ETC has increased by 0.0073 USD in 30 mins. Live price: https://t.co/4keTXSSpgr #ether #etc #cryptocurrency,0,None,0.1515151515151515,38.82586149999999,-76.9195916, USA
164,1.06e+18,Sneakervisi0n,Was this 2001? Ether Still have me lookin like OUCH!!! #nas #ether #iwillnotlose #gymflow https://t.co/6tu7jCVoTS,0,SneakerLand,0.0,34.1661564,-118.621845, USA
165,1.06e+18,nainteres,Yamzu holds sponsored events for brands wishing for exclusive rights to hold events online.#ether #Yamzu‚Ä¶ https://t.co/vo51GuaK7l,0,None,0.0,38.82586149999999,-76.9195916, USA
166,1.06e+18,_Cryptosmonitor,8.50764E+17,0,10/31/2018 20:35,0.0,,,
167,1.06e+18,EthClassicMarkt,1 Ether Classic = 8.95 USD. ETC has changed by -0.0493 USD in 30 mins. Live price: https://t.co/4keTXSSpgr #ether #etc #cryptocurrency,0,None,0.1515151515151515,38.82586149999999,-76.9195916, USA
168,1.06e+18,EthClassicMarkt,1 Ether Classic = 8.9731 USD. ETC has increased by 0.023 USD in 30 mins. Live price: https://t.co/4keTXSSpgr #ether #etc #cryptocurrency,0,None,0.1515151515151515,38.82586149999999,-76.9195916, USA
169,1.06e+18,Onyianyado777,1.0053E+18,0,10/30/2018 22:27,0.0,,,
170,1.06e+18,digitaldonkey09,First taxi I see accepting #bitcoin #litecoin and #ether :) https://t.co/N8WtJO7y3W,0,"Manhattan, NY, Vereinigte Staaten",0.375,40.7830603,-73.9712488, USA
171,1.06e+18,EthClassicMarkt,1 Ether Classic = 8.965 USD. ETC has changed by -0.0081 USD in 30 mins. Live price: https://t.co/4keTXSSpgr #ether #etc #cryptocurrency,0,None,0.1515151515151515,38.82586149999999,-76.9195916, USA
172,1.06e+18,EthClassicMarkt,1 Ether Classic = 9.0198 USD. ETC has changed by -0.0249 USD in 30 mins. Live price: https://t.co/4keTXSSpgr #ether #etc #cryptocurrency,0,None,0.1515151515151515,38.82586149999999,-76.9195916, USA
173,1.06e+18,nainteres,Yamzu envisions the platform as a genuine household name for eSports competitions of any skill level.#ether #Yamzu‚Ä¶ https://t.co/2TQ85XHMTj,0,None,0.4,38.82586149999999,-76.9195916, USA
174,1.06e+18,amyhayes93,RT @theCLRTYproject: Why should you release some of your undervalued #ether in our upcoming #ICO #TokenSale‚ùì  üîπBig #Bonusesüîπ#Referral #Rewa‚Ä¶,0,None,0.0,38.82586149999999,-76.9195916, USA
175,1.06e+18,EthClassicMarkt,1 Ether Classic = 9.0295 USD. ETC has increased by 0.0097 USD in 30 mins. Live price: https://t.co/4keTXSSpgr #ether #etc #cryptocurrency,0,None,0.1515151515151515,38.82586149999999,-76.9195916, USA
176,1.06e+18,EthClassicMarkt,1 Ether Classic = 9.021 USD. ETC has changed by -0.0085 USD in 30 mins. Live price: https://t.co/4keTXSSpgr #ether #etc #cryptocurrency,0,None,0.1515151515151515,38.82586149999999,-76.9195916, USA
177,1.06e+18,katla_co,Would you like to double your money? Join Us!  https://t.co/2B7fI66YjN   #bitcoin #ethereum #eth #ether‚Ä¶ https://t.co/KfvmVJqHdG,0,None,0.0,38.82586149999999,-76.9195916, USA
178,1.06e+18,EthClassicMarkt,1 Ether Classic = 9.0047 USD. ETC has increased by 0.03 USD in 30 mins. Live price: https://t.co/4keTXSSpgr #ether #etc #cryptocurrency,0,None,0.1515151515151515,38.82586149999999,-76.9195916, USA
179,1.06e+18,EthClassicMarkt,1 Ether Classic = 8.9888 USD. ETC has changed by -0.0159 USD in 30 mins. Live price: https://t.co/4keTXSSpgr #ether #etc #cryptocurrency,0,None,0.1515151515151515,38.82586149999999,-76.9195916, USA
180,1.06e+18,TN_Tawach_VN,X-block has built upon new generations of blockchain #XBlock #Blockchain #Crypto #ether #ethereum #bitcoin‚Ä¶ https://t.co/Ar17i59iSf,0,HN VN,0.13636363636363635,21.0107651,105.8489411, Vietnam
181,1.06e+18,VillamizarITPro,"This tweet, ""#Crypto #Blockchain #ARAW #arawtoken #icosale #ecommerce #payment #ether #ICO #arawpay #btc‚Ä¶ https://t.co/bpofhjn45m",0,"Envigado, antioquia",0.0,6.169610899999999,-75.58736360000002, Colombia
182,1.06e+18,EthClassicMarkt,1 Ether Classic = 8.9677 USD. ETC has changed by -0.0212 USD in 30 mins. Live price: https://t.co/4keTXSSpgr #ether #etc #cryptocurrency,0,None,0.1515151515151515,38.82586149999999,-76.9195916, USA
183,1.06e+18,EthClassicMarkt,1 Ether Classic = 8.9921 USD. ETC has increased by 0.0021 USD in 30 mins. Live price: https://t.co/4keTXSSpgr #ether #etc #cryptocurrency,0,None,0.1515151515151515,38.82586149999999,-76.9195916, USA
184,1.06e+18,suricatamirket,#ICODESICO #DESICO #DESI #Crypto #Blockchain #ether #ethereum #bitcoin #cryptocurrency #tokensale‚Ä¶ https://t.co/CuxYpJS9Kj,0,None,0.0,38.82586149999999,-76.9195916, USA
185,1.06e+18,CryptoCurrent,"T##ether's Price Has Stabilized, But the Stablecoin's Supply Is Still Shrinking https://t.co/5DvyKtx5dW via @CoinDesk",0,Ethiopia,0.0,9.145000000000001,40.489673,Ethiopia
186,1.06e+18,EthClassicMarkt,1 Ether Classic = 8.9853 USD. ETC has changed by -0.0068 USD in 30 mins. Live price: https://t.co/4keTXSSpgr #ether #etc #cryptocurrency,0,None,0.1515151515151515,38.82586149999999,-76.9195916, USA
187,1.06e+18,VillamizarITPro,"This tweet, ""#XBlock #Blockchain #Crypto #ether #ethereum #bitcoin #cryptocurrency #ICO #tokensale‚Ä¶ https://t.co/tW0pPfdeEE",0,"Envigado, antioquia",0.0,6.169610899999999,-75.58736360000002, Colombia
188,1.06e+18,EthClassicMarkt,1 Ether Classic = 8.9894 USD. ETC has increased by 0.0041 USD in 30 mins. Live price: https://t.co/4keTXSSpgr #ether #etc #cryptocurrency,0,None,0.1515151515151515,38.82586149999999,-76.9195916, USA
189,1.06e+18,EthClassicMarkt,1 Ether Classic = 8.9739 USD. ETC has increased by 0.0062 USD in 30 mins. Live price: https://t.co/4keTXSSpgr #ether #etc #cryptocurrency,0,None,0.1515151515151515,38.82586149999999,-76.9195916, USA
190,1.06e+18,EthClassicMarkt,1 Ether Classic = 8.9605 USD. ETC has changed by -0.0134 USD in 30 mins. Live price: https://t.co/4keTXSSpgr #ether #etc #cryptocurrency,0,None,0.1515151515151515,38.82586149999999,-76.9195916, USA
191,1.06e+18,EthClassicMarkt,1 Ether Classic = 8.9686 USD. ETC has increased by 0.0081 USD in 30 mins. Live price: https://t.co/4keTXSSpgr #ether #etc #cryptocurrency,0,None,0.1515151515151515,38.82586149999999,-76.9195916, USA
192,1.06e+18,JedCrypto,RT @OmniBazaar: #OmniCoin network can transact thousands of transactions every second. Much faster than #bitcoin or #ether. https://t.co/Ah‚Ä¶,0,None,0.1,38.82586149999999,-76.9195916, USA
193,1.06e+18,EthClassicMarkt,1 Ether Classic = 8.9651 USD. ETC has increased by 0.012 USD in 30 mins. Live price: https://t.co/4keTXSSpgr #ether #etc #cryptocurrency,0,None,0.1515151515151515,38.82586149999999,-76.9195916, USA
194,1.06e+18,EthClassicMarkt,1 Ether Classic = 8.9607 USD. ETC has changed by -0.0044 USD in 30 mins. Live price: https://t.co/4keTXTa07Z #ether #etc #cryptocurrency,0,None,0.1515151515151515,38.82586149999999,-76.9195916, USA
195,1.06e+18,chikucrypto,#ICODESICO #DESICO #DESI #Crypto #Blockchain #ether #ethereum #bitcoin #cryptocurrency #tokensale‚Ä¶ https://t.co/uI1MIDgfe1,0,India,0.0,20.593684,78.96288,India
196,1.06e+18,EthClassicMarkt,1 Ether Classic = 9.0196 USD. ETC has increased by 0.0019 USD in 30 mins. Live price: https://t.co/4keTXSSpgr #ether #etc #cryptocurrency,0,None,0.1515151515151515,38.82586149999999,-76.9195916, USA
197,1.06e+18,AnaLuciaAlves_,Sure. But your #Karma is registered in the #ether and it‚Äôs coming for you. #YourPastIsWaiting #YogaMayaFilms üé•üé§üòéüë©‚Äçüé®üé∏ https://t.co/l7qF2Gi58h,0,"London, England",0.5,51.5073509,-0.1277583, UK
198,1.06e+18,EthClassicMarkt,1 Ether Classic = 9.0179 USD. ETC has changed by -0.0016 USD in 30 mins. Live price: https://t.co/4keTXSSpgr #ether #etc #cryptocurrency,0,None,0.1515151515151515,38.82586149999999,-76.9195916, USA
199,1.06e+18,r_u_m_s,Regulating Cryptocurrencies in New Zealand #IOTA https://t.co/lvf1BQZ6UX https://t.co/Kq3qTvqgTl #bitcoin #crypto #ether,0,None,0.13636363636363635,38.82586149999999,-76.9195916, USA
200,1.06e+18,Lucid420,@subsidieland @justinsuntron You really can't compare year one of #ether and year one of #tron. Very different clim‚Ä¶ https://t.co/ybI0YtIf1C,0,None,0.1,,,
201,1.06e+18,VillamizarITPro,"This tweet, ""#XBlock #Blockchain #Crypto #ether #ethereum #bitcoin #cryptocurrency #ICO #tokensale‚Ä¶ https://t.co/I1pAJChfjo",0,"Envigado, antioquia",0.0,,,
202,1.06e+18,BlockchainEduc1,"#bitcoin #holds #$6,200 #level, #ether #shorts hit new #all-time #high  #instanews #airdrop #tothemoon #sellorders‚Ä¶ https://t.co/cNj0SYRiPZ",0,None,0.1481818181818182,,,
